Link,Rank,Tier,Casino Name,12:00 PM,Signup Bonus,Avg. Daily Bonus,Daily Bonus Location,Streak?,Time,Headline,Notes,Min. Redemption,Churn Methods,Est. Promo Earnings,Verified,Playthrough
https://crowncoinscasino.com/?utm_campaign=0fff45f4-9768-4860-b404-35bc34f839b9&utm_source=friends,1.1,S,CrownCoinsCasino,FALSE,$2.00 ,$1.23 ,Pop-up screen,Yes,Daily,"Best daily bonues, best overall casino!","Best sign-up bonus purchases offered of any casino - quick profit by just churning the signup promos. Constantly offering small sales and deals, which is good if you are close to redeeming and want to speed up the process, but they aren't really worth it for buying on their own. Daily bonuses are also the best anywhere when you combine those on the site with their Facebook, Instagram, and Discord giveaways (avg. over $1/day). Churn with fast blackjack (though it has weird rules like blackjack only pays 1 to 1, and you can't always double).",$50 ,fast blackjack or plinko or roulette,$84.00 ,yes,1
https://lonestarcasino.com/refer/818238,1.2,S,LoneStar,FALSE,$2.50 ,$1.00 ,Pop-up screen,Yes,8pm,Elite intro deals: 50 SC for $25,"Elite casino with awesome intro promo deals like 15 SC for $3 and 50 SC for $25 (but buy the best, because the others disappear after you buy one). They also give a dollar away on their socials almost daily (plus free spins), which when paired with the avg. 0.3 SC you get from daily logins makes their daily bonus one of the best. Play LoneStar Blackjack to churn (even though the min is $5, the RTP is better than anything else).",$100 ,fast blackjack or plinko or roulette,$75.00 ,yes,1
stake.us/?c=jPw78u0T,1.3,S,Stake,FALSE,$1.00 ,$1.00 ,Wallet (top center) -> Daily Bonus -> Claim Daily Bonus,No,24 hrs.,Daily $1 & no playthrough at all!,"No playthrough required for their daily bonus money! Great daily bonus of 1 SC. Bitcoin redemption. They never offer promos, so there's really no reason to purchase. Just keep claiming the daily bonuses for 50 days and then withdraw! You have to make a purchase to withdraw with cash, but you can withdraw to crypto for free.",$50 ,fast blackjack or plinko or roulette,$0.00 ,yes,0
https://realprize.com/refer/1434490,1.4,S,Real Prize,FALSE,$2.00 ,$1.33 ,Pop-up screen,No,8pm,Most big-money promos,"Great initial promos, you can definitely make money right away with their intro offers. After that there are still great promos such as 480 SC for $400, which are definitely profitable, but just require a lot of money upfront and grinding. They give more big money promos than anyone else. Daily bonuses are elite like Lonestar, with lots of free SC and free spins giveaways on their socials. Churn with Blackjack Lucky Sevens (min 10 SC bets, but still the best RTP), roulette, or Crash, but don't use Blackjack Suited, as you lose on a push there. Unfortunately now my redemptions take roughly 1 month to pay out, but they still always pay me.",$100 ,fast blackjack or plinko or roulette,$40.00 ,yes,1
https://luckylandcasino.com/,1.5,S,Luckyland Casino,FALSE,$2.00 ,$0.70 ,Pop-up screen,Yes,24 hrs.,Great daily bonuses & 5 SC/day requests,"Nearly identical to Luckyland below. Sometimes has great happy hour promo deals like 10 SC for $5. Daily bonuses were slightly cut recently but have since come back to being 1 SC per day for me, so hopefully that stays. Either way this is one of the most important casinos to keep your daily bonus claim streak alive, as you can get to the point where you're claiming 1 SC every day. Churn with Big Hit Blackjack. Also, it's possible to take a pic of a handwritten request to claim 5 SC per day! Go to the dropdown menu (3 bars in the top right corner) -> My Account -> Settings -> Settings tab -> Entry Request. Then just follow all of the instructions exactly. You will need a blank (no lines) 4x6 index card, and I found that taking the pic from my laptop's camera was fine. It's also a good idea to play through the 5 SC each day, so they keep giving it to you.",$50 ,fast blackjack,$9.00 ,yes,1
https://www.zulacasino.com/signup/372af095-1dc3-49d0-830b-a3b16cb93da1,1.7,S,Zula Casino,FALSE,$9.00 ,$1.00 ,Store (top right) -> Daily Bonus: Collect,No,24 hrs.,Free $1 daily and only $50 to redeem,"I bought their 10 SC for $3 intro offer, and after that I haven't seen any more promos. Still their consistent free daily dollar, high signup bonus, and low $50 redemption limit make them great. Also, for some reason every so often they seem to not give the daily bonus, saying that it's already been claimed for today - if that happens just refresh that page, play some spins (sometimes that helps), or wait until the next day and it should be back to normal. The only negative is they have no blackjack, but you can churn with plinko.",$50 ,plinko,$6.00 ,yes,1
https://www.wowvegas.com/?raf=9774611,1.8,S,WOW Vegas,FALSE,$2.00 ,$1.00 ,Rewards (top right) -> Daily Login Bonus: Claim,No,Daily,Daily $1 giveaways on Facebook & Instagram,"They give away a dollar just about every day on their Facebook, and sometimes another on their Instagram. They do occasionally offer nice promo deals (after I bought 30 SC for $10 they gave me daily free spins for a week). Churn with auto roulette (slow), grand bonus blackjack (also slow), or plinko. No daily bonus offered on the site (though they do occasionally turn this feature on for special events). Also, SC expire after 60 days, so make sure to play through your account periodically.",$50 ,slow blackjack or slow roulette or plinko,$19.00 ,yes,1
https://modo.us?referralCode=Z2TTQ0,1.9,S,Modo,FALSE,$2.00 ,$0.22 ,Daily Bonus (left sidebar) -> Claim your Daily Bonus!,Yes,Daily,Huge welcome offer: 300 SC for $210,"Great welcome offers to churn through (300 SC for $210). This was my first casino to churn, and I withdrew my profits that same day. Decent recurring offers. Daily bonuses aren't what they used to be, but they're still okay if you're consistent, plus about twice a week they give a free dollar on their socials. They have a great fast blackjack game to churn with. They also sometimes give an amazing daily promo called Premier Play & Claim, where they give 5 SC for 100 SC in spins. Play through that with 2 SC fast blackjack hands every time it's available and you'll make money in the long run (though this comes and goes and I haven't seen it recently).",$50 ,fast blackjack or plinko or roulette,$85.00 ,yes,1
https://www.pulsz.com/?invited_by=kfhqw8,2.1,A,Pulsz,FALSE,$2.00 ,$0.50 ,Pop-up screen,Yes,24 hrs.,Solid intro churn: 40 SC for $20,"Great initial promo offers to churn through (40 SC for $20), and then a very solid daily bonus to just keep claiming after that. They offer fast blackjack to churn.",$100 ,fast blackjack,$19.00 ,yes,1
https://www.pulszbingo.com/?invited_by=rfcsf9,2.2,A,Pulsz Bingo,FALSE,$2.00 ,$0.20 ,Pop-up screen,No,24 hrs.,Daily wheel spin can hit 1 SC or more,"Daily bonus is a wheel spin which can sometimes give 1 SC or more, also decent intro promos like 40 SC for $20 that are worth it, but nothing too crazy good. Play multihand blackjack to churn.",$100 ,fast blackjack,$19.00 ,yes,1
https://sportzino.com/signup/38cba88b-c537-4e50-8c3c-f2e7c7344ce3,2.3,A,Sportzino,FALSE,$6.00 ,$0.68 ,Coin Store (top right) -> Claim Free Rewards: Collect,Yes,8pm,"Great daily bonus, has sports betting","Great daily bonus. Avoid churning with their fast blackjack (you lose with a push, which is worse RTP than slots). Instead use either sports betting (you can place low bets on heavy favorites to churn), or blackjack from the live casino section. There are some decent intro promo offers, and they give a nice signup bonus if you connect your socials.",$50 ,sports or roulette or plinko or slow blackjack,$26.00 ,,1
https://play.globalpoker.com/register?referral=JBS9wykv,2.4,A,Global Poker,FALSE,$5.00 ,$0.46 ,Get Coins (top right) -> Click the current daily bonus day (bottom),Yes,Daily,5 SC/day request + weekly poker freeroll,"Solid initial promos like 40 SC for $20, and they offer fast blackjack for churning, or poker if you're good at that. If you claim your daily bonus for the full week, you get a free entry to a poker game (where you can win some nice prizes if you do well). Also, it's possible to take a pic of a handwritten request to claim 5 SC per day! Go to Get Coins (top right) -> Play for Free -> ""Click here"". Then just follow all of the instructions exactly. You will need a blank (no lines) 4x6 index card, and I found that taking the pic from my laptop's camera was fine. It's also a good idea to play through the 5 SC each day, so they keep giving it to you. Lastly, if you click the yellow star at the top, you can see the daily challenges, which should be profitable in the long run if you only play the amount of spins required. Just make sure to have a lot of SC in your account already (40+) as they require betting up to 15 SC total on a game. If you choose to do this, recognize that slots are highly volatile, and that it's very possible to lose everything in your account over a week or 2 with this method (but over a very long timespan, it would be net positive, based on the RTP of the games and the bonuses given).",$50 ,poker or fast blackjack,$28.00 ,yes,1
https://winbonanza.com/register/7f300bfb-3d55-4601-9b9f-3bb5d5367ec1,2.5,A,WinBonanza,FALSE,$4.00 ,$0.50 ,Get Coins (top right) -> Daily Bonus: Collect,Yes,8pm,Solid daily bonus,"For the first week you get an average daily bonus of 1 SC per day, and then after that it's still a very solid 0.5 SC per day. Awful promos (23 SC for $20). Given the low $50 redemption limit, it's best to not buy anything (just keep claiming the daily bonuses and cash out every few months). They also have plinko to churn, which is great.",$50 ,plinko,$0.00 ,,1
https://americanluck.com/signup/a618799a-767a-4500-ad0d-2f1eb0619aec,2.6,A,American Luck,FALSE,$6.00 ,$0.71 ,Get Coins (top right) -> Daily Bonus: Collect,No,Daily,Great promos (40 SC for $16) and daily bonus,"Very similar to Yay Casino below. Churn with Plinko Blast. Great promos like 40 SC for $16, and a great daily bonus to keep claiming.",$50 ,plinko,$22.00 ,yes,1
https://www.yaycasino.com/signup/579641f5-1501-4c3c-8495-e9e98059d981,2.7,A,Yay Casino!,FALSE,$10.00 ,$0.50 ,Coin Store (top right) -> Daily Bonus: Collect,Yes,Daily,Highest signup bonus at $10,Very similar to American Luck above. Churn with plinko. Okay (but small) intro promos like 20 SC for $10. Just keep claiming the daily bonuses.,$50 ,plinko,$9.00 ,yes,1
https://www.goldenheartsgames.com/referral/LCAGAQXUXV,2.8,A,Golden Hearts Games,FALSE,$2.50 ,$0.30 ,Pop-up screen,No,Daily,RevU offers paid me over $500,"Good intro promo of 25 SC for $10 to get, and then a solid daily bonus to keep claiming. Buy the intro promo fast, because after about 2 weeks they reduce it to 10 SC for $5. They have fast blackjack (with some odd rules like no doubling when there's an ace and blackjack pays 6 to 5, but I think the RTP is still on par with slots and the volatility is lower). The best feature is that they partner with RevU, through which you can earn really great promos by completing tasks (I profited by ordering dog treats and wine, and I made over $500 by completing the Chime offer, all of which got paid out).",$100 ,fast blackjack or plinko,$14.00 ,yes,1
https://www.fortunecoins.com/signup/7d656675-7053-4209-a3f1-64f2cc31db9b,2.9,A,Fortune Coins,FALSE,$9.00 ,$0.32 ,Get Coins (top right) -> Free Coins (top) -> Collect,Yes,Daily,"High signup bonus, low $50 redemption","100:1 SC to dollar value. Intro promos are solid (25 SC for $10), but after that they don't offer much. High signup bonus (verify phone number, link Facebook, and agree to receive messages for full value), low redemption amount, and solid daily bonus all make this a solid casino. Churn with fast blackjack (not Blackjack Single Hand as dealer wins on a push), roulette, or plinko.",$50 ,fast blackjack or plinko or roulette,$14.00 ,yes,1
https://www.chumbacasino.com/,2.91,A,Chumba Casino,FALSE,$2.00 ,$0.00 ,,No,Daily,Great intro promos and 5 SC/day requests,"This site is great for 2 things: intro promos and 5 SC entry requests. It has really nice intro promos to churn through, but after that I haven't seen too many great sales. No daily bonus anymore (it used to have a great 1 SC bonus). Also, it's possible to take a pic of a handwritten request to claim 5 SC per day! Scroll all the way to the bottom to Entry Request, and then just follow all of the instructions exactly. You will need a blank (no lines) 4x6 index card, and I found that taking the pic from my laptop's camera was fine. It's also a good idea to play through the 5 SC each day, so they keep giving it to you. Churn with Gravity Blackjack (fast blackjack has a min. bet size of 25 SC).",$100 ,fast blackjack or plinko or roulette,$55.00 ,yes,1
https://cidercasino.onelink.me/QfGN/oio1bede?c=S19ZR662,2.92,A,Cider Casino,FALSE,$0.00 ,$0.24 ,Pop-up screen,Yes,Daily,Profit over $50/week with weekly subs!,"Similar to Lavish Luck below. They have fast blackjack (play Lucky 7s) to churn. They also have weekly subscriptions, which if you buy all of them works out to 183 SC for $127 (just make sure to claim the subscription bonus money every day that week). With fast blackjack, this should be over $50 of weekly profit which is elite. There are also decent daily bonuses to claim, and other mediocre promos (like 54 SC for $35). One annoying thing is that there is a 5% redemption fee, but even with this you can still be massively profitable.",$100 ,fast blackjack or plinko or roulette,$70.00 ,,1
https://invite.lavishluck.net/8dID/0cyelj9k?c=SELSPEYZ,2.93,A,Lavish Luck,FALSE,$0.00 ,$0.12 ,Pop-up screen,Yes,Daily,Profit over $50/week with weekly subs!,"Similar to Cider Casino above. Churn with Blackjack Lucky 7s. They also have weekly subscriptions, which if you buy all of them works out to 183 SC for $127 (just make sure to claim the subscription bonus money every day that week). With fast blackjack, this should be over $50 of weekly profit which is elite. Their daily bonuses are worse than Cider Casino's, and they have the same mediocre promo offer of 54 SC for $35. Another nice thing is that they only have a 1% redemption fee.",$100 ,fast blackjack or plinko or roulette,$70.00 ,,1
https://www.spinblitz.com/lp/raf?r=ba2e4307%2F2241297944,3.01,B,SpinBlitz,FALSE,$2.50 ,$0.01 ,Pop-up screen,Yes,24 hrs.,Profit over $70 off initial promos,"Very similar to PlayFame, McLuck, and Hello Millions, except their promos are a little better. When I purchased a promo, they gave me several bonuses over the next week (including things like 50+ free spins via email or on login, which I got 4 times, which is insane, and free SC on login). I made back about $70 in total after my purchase, so it's definitely worth buying their promos. They have slow blackjack to churn. No daily bonuses.",$75 ,slow blackjack or slow roulette or plinko,$70.00 ,yes,1
https://www.mcluck.com/lp/raf?r=7b61a90c%2F1934442135,3.02,B,McLuck,FALSE,$2.50 ,$0.08 ,Pop-up screen,Yes,24 hrs.,Profit over $70 off initial promos,"Nearly identical to Hello Millions, and similar to PlayFame and SpinBlitz. I bought 25 SC for $10, and instantly got offered 40 SC for $20 which I bought, and then was offered 50 SC for $40, which I passed on. A couple days later, they offered me 80 SC for $40. Definitely take advantage of the promos and churn with slow blackjack. No daily bonuses.",$75 ,slow blackjack or slow roulette or plinko,$70.00 ,yes,1
https://www.playfame.com/lp/raf?r=608544e6%2F1934858373,3.03,B,PlayFame,FALSE,$2.50 ,$0.01 ,Pop-up screen,Yes,24 hrs.,Profit over $70 off initial promos,"Very similar to Hello Millions, McLuck, and SpinBlitz. I bought 25 SC for $10, and instantly got offered 40 SC for $20 which I bought, and then was offered 50 SC for $40, which I passed on. I wasn't offered other promos from PlayFame, unlike with the others, although they did give me some free SC on login one day which was great. Definitely take advantage of the promos and churn with slow blackjack. No daily bonuses.",$75 ,slow blackjack or slow roulette or plinko,$33.00 ,yes,1
https://www.hellomillions.com/lp/raf?r=e7f3d5e4%2F1934692812,3.04,B,Hello Millions,FALSE,$2.50 ,$0.00 ,,No,24 hrs.,"Churn the promos, then move on","Very similar to PlayFame, McLuck, and SpinBlitz. I bought 25 SC for $10, and instantly got offered 40 SC for $20 which I bought, and then was offered 50 SC for $40, which I passed on. Churn with slow blackjack. The day after redeeming, I received a free 10 SC when I logged in, and a couple days later they offered me 80 SC for $40 - they are the first casino that I've seen do something like that! However, they cut their daily bonuses, so move on after churning through all the good promos.",$75 ,slow blackjack or slow roulette or plinko,$70.00 ,yes,1
https://shuffle.us?r=jphyQbEvQ6,3.1,B,Shuffle,FALSE,$1.00 ,$0.40 ,Wallet button (top center) -> Daily Bonus -> Claim,Yes,Daily,"No promos, but a solid 0.4 SC daily","Doesn't seem to have promos to buy (so no point in purchasing anything), but it does have a solid daily bonus that gets up to 0.4 SC. Don't play fast blackjack as you lose on a push, instead just roulette or plinko.",$67 ,roulette or plinko,$0.00 ,yes,1
https://www.jefebet.com/,3.2,B,Jefebet,FALSE,$2.00 ,$0.00 ,Get Coins (left sidebar) -> Daily Bonus -> Claim,No,Daily,No daily bonus anymore - promos only,"Not worth it anymore, after they did away with their daily bonus. Has Taco Tuesday 35% off deals, and some other great promos (I just bought 30 SC for $10). Play fast blackjack to churn. They used to have a daily bonus program that you could claim every 6 hours, but it seems like they changed things, and I don't see any daily bonus offered currently.",$100 ,slow blackjack or roulette or plinko,$14.00 ,yes,1
https://get.fliffapp.com/QlC3/ce4oum66,3.3,B,Fliff,FALSE,$1.00 ,$0.00 ,Shop (bottom right) -> Claim Now!,No,Daily,Daily $1+ sports betting app,"App only, and functions differently than all other casinos. You can only claim your daily bonus if you have less than 1.5 SC in your account. You get a 1 SC free every day, and then 0.1 SC free every 2 hours for the rest of that day. You can redeem at $50, and they sometimes offer great promos like 100 SC for $50. Only offers sports betting. A lot of people hate / skip them, but I love them. The best strategy seems to be putting your daily dollar on a parlay to win about 10 SC, and then trying to climb to 50 SC with good sports betting. If you're not a sports fan this might not be for you, but it's basically a free sports betting app. I've managed to redeem 3x, and some of my friends who are better sports bettors than me redeem almost every month.",$50 ,sports,$24.00 ,yes,1
spinquest.com/?u=IJ9SO69,3.4,B,SpinQuest,FALSE,$2.00 ,$1.00 ,Daily Bonus (top right),No,24 hrs.,"Great 1 SC daily, but 5x playthrough","Awesome daily bonus of 1 SC, and they are one of the quickest sites to load and let you claim. Some people call them a scam because they require 5x playthrough on bonus SC, but it's very much possible to overcome this with fast blackjack (I've done it 4x now, so they're definitely legit). If blackjack has a 99% RTP with perfect play, then 5x playthrough gives 0.99⁵ = 95%, which is still a pretty good RTP considering the low volatility of blackjack. Note: make sure to only churn with blackjack when you're ready to withdraw, as claiming additional free dollars will lower your current available balance based on how their playthrough works. Also it's a good idea to have 60 SC or more before trying to churn, as you will need to play a lot of blackjack, so it's good to give yourself a little buffer to make it more likely you'll be able to redeem.",$50 ,fast blackjack,$19.00 ,yes,5
https://www.jackpota.com/?r=240064074,3.5,B,Jackpota,FALSE,$2.50 ,$0.29 ,Pop-up screen OR Get Coins (left sidebar) -> scroll right to Free rewards: Claim now,Yes,24 hrs.,"Profit ~$50 off initial promos, solid daily bonus","Great bonuses! I bought 40 SC for $20 plus 75 free spins, and then I instantly got another deal for 40 SC for $20, which I bought, and then I got a third deal 50 SC for $40, which I passed on but would still have been profitable. After the intro promos there aren't too many good offers, but the daily bonus is solid. Churn with Gravity Blackjack.",$75 ,slow blackjack or slow roulette or plinko,$50.00 ,yes,1
https://www.megabonanza.com/?r=300791226,3.6,B,Mega Bonanza,FALSE,$2.50 ,$0.29 ,Get Coins (left sidebar) -> Daily Reward -> Free Rewards: Claim now,No,24 hrs.,"Profit ~$50 off initial promos, solid daily bonus","I bought one of their intro chain offers (100 SC for $60, then 40 SC for $20), but I should have first bought the intro offer (60 SC for $30 + 20 free spins), as they remove it if it's not your very first purchase. Still they give great intro promos, similar to Jackpota where you can buy 2 or 3 great deals in a row. Redeem with either live blackjack (slow) or live roulette (slow).",$50 ,slow blackjack or slow roulette or plinko,$70.00 ,yes,1
https://play.babacasino.com/#/?referral_id=c6583dff5b7cdc07e10deaf3036334dc&inv_referral=true&fb_source=invite,3.7,B,Baba Casino,FALSE,$2.00 ,$0.55 ,Pop-up screen,Yes,Daily,"Great intro (44 SC for $16), slots only","Great intro bonuses like 44 SC for $16, though you can only claim one, so get the most profitable. After that, not many promos but a nice progressive daily bonus, and sometimes they give free SC on their socials. Slots only. It took about 2 weeks for them to pay out my withdrawal, but they did.",$100 ,slots,$26.00 ,yes,1
https://spree.com/?r=1515613,3.9,B,Spree,FALSE,$2.50 ,$0.30 ,Get Coins (left sidebar) -> Daily Reward -> Free Rewards: Claim now,No,24 hrs.,Big intro bonuses and fast daily claims,"Really great intro bonuses (60 SC for $20 and 30 SC for $10). Daily bonuses are always 0.3 SC which is very average, but this site is very fast to load and let you claim. Play Instant Blackjack to churn. Also they occasionally have 5 days of challenges to crack the vault. Lastly, important to note that they will remove your SC balance if you don't play through it within 60 days, but they send warning emails and also gave me my balance back after I messaged them.",$100 ,fast blackjack or plinko or roulette,$38.00 ,yes,1
https://www.spindoo.us/?r=27147465,4.1,C,Spindoo,FALSE,$2.00 ,$0.25 ,Pop-up screen,No,24 hrs.,"Nice promos, but slots only","There are some nice promos (22 SC + 11 spins + mega wheel for $10), and solid daily bonuses. Slots only.",$75 ,slots,$15.00 ,,1
https://myprize.us/invite/ChiefCrazybull,4.2,C,MyPrize,FALSE,$1.00 ,$0.24 ,Pop-up screen OR Daily Streak Claim (center),Yes,8pm,Good promos; churn with roulette - BJ won't count,"Two important notes: 1. Claim intro promos fast, as this is one of the few casinos that actually takes away their intro promos after a few days and they are great (40 SC for $20, 5 SC for $1, etc.). 2. Make sure to churn with roulette (fast), because only 5% of blackjack bets apply to the playthrough requirement. Overall it is 1x playthrough (they are just trying to force people away from churning with blackjack).",$100 ,roulette or plinko,$23.00 ,yes,1
https://www.coinwizardgames.com/referral/RQ3PW1OM4H,4.3,C,Coin Wizard,FALSE,$2.50 ,$0.38 ,Pop-up screen,Yes,Daily,"Golden Hearts clone, but no blackjack","Sister site to Golden Hearts Games. Almost exactly the same, except that there's no blackjack (which is a huge loss). Slots only. Otherwise it has exactly the same daily bonus and promos (25 SC for $10).",$100 ,slots,$14.00 ,,1
https://lunalandcasino.com/,4.5,C,LunaLand Casino,FALSE,$3.00 ,$0.29 ,Pop-up screen,Yes,24 hrs.,"Several great initial promos, then it dries up","Initially, LunaLand is the most consistent with offering amazing promo sales. I was offered 40 SC for $20 two days in a row, and I saw 70 SC for $25 as a promo after joining. Even after withdrawing twice, they still kept offering me 24 SC for $12. They are better than any other casino in this regard, so take advantage of the sales while they last, because eventually they will stop giving them to you. Apart from the promos, they have rather poor daily bonuses, so just claim until you can redeem one last time and then move on. Churn with plinko.",$100 ,plinko,$73.00 ,yes,1
https://high5casino.com/gc?adId=INV001%3AChiefCrazybull,4.6,C,High 5 Casino,FALSE,$5.00 ,$0.23 ,Envelope Icon (top right) -> Claim (Daily Bonus and Bonus Harvest),No,24 hrs.,"DropZone plinko is a fast, easy churn","Sometimes I need to refresh the page to log in, so keep trying and it usually loads. Low daily bonus, though it does also give diamonds, which can eventually buy free spins, so it's slightly higher than just 0.20 SC. They do also have decent intro promos, like 50 SC for $20 and 20 SC for $5. Definitely buy those, as that should bump up your daily bonus to 0.2 or 0.3 SC (I only got 0.1 SC before making a purchase). Churn with High 5 DropZone (their version of plinko), with the settings of low volatility, 10 lines, 10 balls - this is a super fast, easy, and reliable way to churn.",$100 ,plinko,$38.00 ,yes,1
https://luckparty.com/signup/d4111525-c5c2-4f13-be30-e829f9fbcdf3,4.7,C,Luck Party,FALSE,$5.00 ,$0.30 ,Get Coins (top right) -> Daily Bonus: Collect,Yes,Daily,Plinko churn and a low $50 redemption,"They have plinko to churn, which is the best thing about this site. I haven't seen any promos, but the decent daily bonus and low 50 SC redemption limit make it worth it.",$50 ,plinko,$0.00 ,,1
https://www.spinpals.com?referralcode=7efd2c11-e356-4c7e-aac6-d85d2695558f,4.8,C,Spinpals,FALSE,$6.00 ,$0.12 ,Rewards (left sidebar) -> Daily Bonus -> Collect Reward (also 5x per month click the Spin the Wheel tab),Yes,24 hrs.,Low bonuses - only good with promos,"For some reason they only work on Chrome for me. Nice bonuses, and they have slow blackjack or faster games like plinko to churn. ",$100 ,slow blackjack or slow roulette or plinko,$15.00 ,,1
https://www.ace.com/?r=6f0f1af0%2F32319448,4.91,C,Ace,FALSE,$2.50 ,$0.22 ,Get Coins (left sidebar) -> Daily Rewards -> Free Rewards: Claim now ,No,24 hrs.,Slots only - a slow grind,"Slots only. Solid intro bonuses like 25 SC for $10. Slow grind, just keep spinning the wheel every day.",$75 ,slots,$14.00 ,yes,1
https://www.rolla.com/?raf=230887,5.1,D,Rolla,FALSE,$1.00 ,$0.10 ,Claim Your Bonus (left sidebar),No,Daily,SC expires in 60 days; slow grind,"SC coins expire after 60 days, so beware of that and play through your coins at least once in that period before they expire. They give a free daily 1 SC for the first 7 days, then it drops to 0.2 SC per day (though it's just dropped to 0.1 SC for me). They do have some decent promos like 50 SC for $25. They also occasionally give away free spins or free SC on their Facebook. Overall it's a slow grind. Slots only.",$100 ,slots,$24.00 ,,1
https://sweetsweeps.com?referralCode=REFNjA3NzQ=,5.2,D,Sweet Sweeps,FALSE,$2.00 ,$0.25 ,Quests (left sidebar) -> Daily Login Bonus: Claim Now -> Claim Now (sometimes refresh the page),Yes,Daily,Daily bonus grows over the month,"Decent promos (40 SC for $20), and low redemption limit. Also daily bonuses get progressively better, so stick with them each month. Churn with fast blackjack or plinko.",$50 ,fast blackjack or plinko or roulette,$19.00 ,,1
https://play.clubs.poker/?referralCode=192432,5.3,D,Clubs Poker,FALSE,$0.00 ,$0.20 ,Get Coins (top right) -> FREE Daily Bonus: Collect Now!,No,Daily,Only worth it with promo purcahses,"They have fast blackjack for churning, and offer good intro promos like 10 SC plus 100 spins for $10 and 40 SC for $20 (occasionally even 20 SC for $2). However, they now only give the daily bonus of 0.2 SC for a month after you make a purchase (which is only about 6 SC total). Still though, I am seeing deals like 20 SC for $10, so it's worth it to keep purchasing one of those each month and keep claiming the daily bonus. Also, they will occasionally have great events in their Promos section.",$100 ,fast blackjack or roulette or poker,$36.00 ,yes,1
https://sheeshcasino.com/?ref=m2u2y2m,5.4,D,Sheesh Casino,FALSE,$2.50 ,$0.40 ,Daily Bonus (gift icon in the left sidebar) -> Claim,Yes,8pm,Barely worth it: 3x playthrough,"This casino is barely worth it. First, there is a 3x playthrough requirement (though they offer slow roulette, and they also have slow blackjack but with a min bet of 25 SC). The daily bonuses get bumped up after making a purchase, so if you do choose to use this casino, buy something like 25 SC for $10. If you don't want to make a purchase then just skip this one, it's not worth it. Even with the higher daily bonuses and promo purcahses, getting to 100 SC min redemption is a slow grind.",$100 ,slow blackjack or slow roulette,$19.00 ,,3
https://casino.click/?modal=iqs-sign-up&ReferenceCode=262885&AffiliatePlatformId=200,5.5,D,Casino Click,FALSE,$2.00 ,$0.15 ,Click Arena (gold trophy in the left sidebar) -> Mini Games (click Redeem in the Rewards tab if you win SC or free spins),No,Daily,Gift card cashout starts at just $10,"The daily bonus seems to have gotten worse, and rarely gives anything good. Usually the best I get is 20 Clickcoins, but you need 80 Clickcoins to buy just 10 free spins. Low promos (20 SC for $10). Blackjack and roulette are excluded from counting towards playthrough, so churn with plinko. The only thing that makes this casino somewhat worth it is that you can withdraw for a gift card starting at $10.",$100 ,plinko,$9.00 ,,1
https://sweepsusa.com/?ref=chiefcrazybull_11757,5.6,D,SweepsUSA,FALSE,$5.05 ,$0.24 ,Pop-up screen,Yes,24 hrs.,Only worth it with promo purcahses,"Plinkgoal and fast blackjack (Bonus Wheel 1000) are great to churn. $5 bonus for signing up, and some solid promos (70 SC for $35), but claim the promos quick, as they will slowly decrease their value if you don't.",$102 ,fast blackjack or plinko or roulette,$33.00 ,,1
https://sidepot.us/home,5.7,D,Sidepot,FALSE,$1.00 ,$0.00 ,Treasure Chest Icon (top right) -> Claim,No,6 hrs.,100x your $1 or bust,"Very unique, and similar to Dogg House. They give 0.2 SC every 6 hours, which you can only get when your account has below 1 SC. The best strategy with Sidepot is to build your account up to 1 SC with the daily bonus, and then get lucky and 100x through a combination of blackjack, roulette, or one of the crash games (like When Moon Bro). If you ever do cross 100 SC, redeem right away! I think the best strategies to both give you a good chance of redeeming and not waste too much time are to either play When Moon Bro and change the auto cashout to 100 (or a number just over 100), or play blackjack until you get up to 3 SC, and then put that money on one or two numbers in roulette to try and get a 36x. I've managed to cash out 3x, so it's definitely possible, but the odds are still low (statistically you should cash out about once a year). Also, because of how their daily bonus works, it's not worth buying anything from them.",$100 ,fast blackjack or plinko or roulette,$0.00 ,yes,1
